{
    "__comment": "Model generated using MrCrayfish's Model Creator (http://mrcrayfish.com/modelcreator/)",
    "textures": {
        "0": "blocks/quartz_block_bottom",
        "1": "blocks/quartz_block_top",
        "2": "blocks/concrete_gray"
    },
    "elements": [
        {
            "name": "Cube",
            "from": [ 0.0, 0.0, 0.0 ], 
            "to": [ 16.0, 32.0, 15.0 ], 
            "faces": {
                "north": { "texture": "#0", "uv": [ 0.0, 0.0, 16.0, 32.0 ] },
                "east": { "texture": "#0", "uv": [ 0.0, 0.0, 15.0, 32.0 ] },
                "south": { "texture": "#0", "uv": [ 0.0, 0.0, 16.0, 32.0 ] },
                "west": { "texture": "#0", "uv": [ 0.0, 0.0, 15.0, 32.0 ] },
                "up": { "texture": "#0", "uv": [ 0.0, 0.0, 16.0, 15.0 ] },
                "down": { "texture": "#0", "uv": [ 0.0, 0.0, 16.0, 15.0 ] }
            }
        },
        {
            "name": "Cube",
            "from": [ 1.0, 1.0, 15.0 ], 
            "to": [ 15.0, 18.0, 16.0 ], 
            "faces": {
                "north": { "texture": "#1", "uv": [ 0.0, 0.0, 14.0, 17.0 ] },
                "east": { "texture": "#1", "uv": [ 0.0, 0.0, 1.0, 17.0 ] },
                "south": { "texture": "#1", "uv": [ 0.0, 0.0, 14.0, 17.0 ] },
                "west": { "texture": "#1", "uv": [ 0.0, 0.0, 1.0, 17.0 ] },
                "up": { "texture": "#1", "uv": [ 0.0, 0.0, 14.0, 1.0 ] },
                "down": { "texture": "#1", "uv": [ 0.0, 0.0, 14.0, 1.0 ] }
            }
        },
        {
            "name": "Cube",
            "from": [ 1.0, 19.0, 15.0 ], 
            "to": [ 15.0, 31.0, 16.0 ], 
            "faces": {
                "north": { "texture": "#1", "uv": [ 0.0, 0.0, 14.0, 12.0 ] },
                "east": { "texture": "#1", "uv": [ 0.0, 0.0, 1.0, 12.0 ] },
                "south": { "texture": "#1", "uv": [ 0.0, 0.0, 14.0, 12.0 ] },
                "west": { "texture": "#1", "uv": [ 0.0, 0.0, 1.0, 12.0 ] },
                "up": { "texture": "#1", "uv": [ 0.0, 0.0, 14.0, 1.0 ] },
                "down": { "texture": "#1", "uv": [ 0.0, 0.0, 14.0, 1.0 ] }
            }
        },
        {
            "name": "Cube",
            "from": [ 12.0, 14.0, 16.0 ], 
            "to": [ 13.0, 16.0, 17.0 ], 
            "faces": {
                "north": { "texture": "#2", "uv": [ 0.0, 0.0, 1.0, 2.0 ] },
                "east": { "texture": "#2", "uv": [ 0.0, 0.0, 1.0, 2.0 ] },
                "south": { "texture": "#2", "uv": [ 0.0, 0.0, 1.0, 2.0 ] },
                "west": { "texture": "#2", "uv": [ 0.0, 0.0, 1.0, 2.0 ] },
                "up": { "texture": "#2", "uv": [ 0.0, 0.0, 1.0, 1.0 ] },
                "down": { "texture": "#2", "uv": [ 0.0, 0.0, 1.0, 1.0 ] }
            }
        },
        {
            "name": "Cube",
            "from": [ 12.0, 21.0, 16.0 ], 
            "to": [ 13.0, 23.0, 17.0 ], 
            "faces": {
                "north": { "texture": "#2", "uv": [ 0.0, 0.0, 1.0, 2.0 ] },
                "east": { "texture": "#2", "uv": [ 0.0, 0.0, 1.0, 2.0 ] },
                "south": { "texture": "#2", "uv": [ 0.0, 0.0, 1.0, 2.0 ] },
                "west": { "texture": "#2", "uv": [ 0.0, 0.0, 1.0, 2.0 ] },
                "up": { "texture": "#2", "uv": [ 0.0, 0.0, 1.0, 1.0 ] },
                "down": { "texture": "#2", "uv": [ 0.0, 0.0, 1.0, 1.0 ] }
            }
        }
    ]
}