{
    "__comment": "Model generated using MrCrayfish's Model Creator (http://mrcrayfish.com/modelcreator/)",
    "textures": {
        "0": "blocks/wool_colored_lime"
    },
    "elements": [
        {
            "name": "base",
            "from": [ 0.0, 0.0, 0.0 ], 
            "to": [ 16.0, 7.0, 16.0 ], 
            "faces": {
                "north": { "texture": "#0", "uv": [ 0.0, 0.0, 16.0, 7.0 ] },
                "east": { "texture": "#0", "uv": [ 0.0, 0.0, 16.0, 7.0 ] },
                "south": { "texture": "#0", "uv": [ 0.0, 0.0, 16.0, 7.0 ] },
                "west": { "texture": "#0", "uv": [ 0.0, 0.0, 16.0, 7.0 ] },
                "up": { "texture": "#0", "uv": [ 0.0, 0.0, 16.0, 16.0 ] },
                "down": { "texture": "#0", "uv": [ 0.0, 0.0, 16.0, 16.0 ] }
            }
        },
        {
            "name": "back",
            "from": [ 0.0, 7.0, 0.0 ], 
            "to": [ 16.0, 16.0, 3.0 ], 
            "faces": {
                "north": { "texture": "#0", "uv": [ 0.0, 0.0, 16.0, 9.0 ] },
                "east": { "texture": "#0", "uv": [ 0.0, 0.0, 3.0, 9.0 ] },
                "south": { "texture": "#0", "uv": [ 0.0, 0.0, 16.0, 9.0 ] },
                "west": { "texture": "#0", "uv": [ 0.0, 0.0, 3.0, 9.0 ] },
                "up": { "texture": "#0", "uv": [ 0.0, 0.0, 16.0, 3.0 ] },
                "down": { "texture": "#0", "uv": [ 0.0, 0.0, 16.0, 3.0 ] }
            }
        },
        {
            "name": "Cube",
            "from": [ 0.0, 7.0, 3.0 ], 
            "to": [ 2.0, 10.0, 16.0 ], 
            "faces": {
                "north": { "texture": "#0", "uv": [ 0.0, 0.0, 2.0, 3.0 ] },
                "east": { "texture": "#0", "uv": [ 0.0, 0.0, 13.0, 3.0 ] },
                "south": { "texture": "#0", "uv": [ 0.0, 0.0, 2.0, 3.0 ] },
                "west": { "texture": "#0", "uv": [ 0.0, 0.0, 13.0, 3.0 ] },
                "up": { "texture": "#0", "uv": [ 0.0, 0.0, 2.0, 13.0 ] },
                "down": { "texture": "#0", "uv": [ 0.0, 0.0, 2.0, 13.0 ] }
            }
        },
        {
            "name": "Cube",
            "from": [ 14.0, 7.0, 3.0 ], 
            "to": [ 16.0, 10.0, 16.0 ], 
            "faces": {
                "north": { "texture": "#0", "uv": [ 0.0, 0.0, 2.0, 3.0 ] },
                "east": { "texture": "#0", "uv": [ 0.0, 0.0, 13.0, 3.0 ] },
                "south": { "texture": "#0", "uv": [ 0.0, 0.0, 2.0, 3.0 ] },
                "west": { "texture": "#0", "uv": [ 0.0, 0.0, 13.0, 3.0 ] },
                "up": { "texture": "#0", "uv": [ 0.0, 0.0, 2.0, 13.0 ] },
                "down": { "texture": "#0", "uv": [ 0.0, 0.0, 2.0, 13.0 ] }
            }
        }
    ]
}